{"nodes":null,"selection":null,"view":{"scroll":{"x":-1154.99169921875,"y":-201.76220703125},"zoom":0.749999940395355225}}