{"nodes":{"node:1":{"location":{"x":1166,"y":2091}},"node:2":{"location":{"x":1160,"y":2239}},"node:3":{"location":{"x":792,"y":2079}},"node:4":{"location":{"x":792,"y":2271}},"node:5":{"location":{"x":1272,"y":1903}},"node:6":{"location":{"x":1016,"y":1887}},"node:7":{"location":{"x":792,"y":1935}}},"selection":["node:5"],"view":{"scroll":{"x":484.194305419921875,"y":1794.27734375},"zoom":0.999999821186065674}}