{"nodes":null,"selection":null,"view":{"scroll":{"x":-344.72076416015625,"y":-334.96795654296875},"zoom":1}}