{"nodes":null,"selection":null,"view":{"scroll":{"x":-506.1129150390625,"y":-433.637237548828125},"zoom":1}}