{"nodes":{"node:1":{"location":{"x":1286,"y":2126}},"node:2":{"location":{"x":1320,"y":2335}},"node:3":{"location":{"x":760,"y":2239}},"node:4":{"location":{"x":982,"y":2367}},"node:5":{"location":{"x":1334,"y":1951}},"node:6":{"location":{"x":1062,"y":1951}},"node:7":{"location":{"x":902,"y":2031}},"node:8":{"location":{"x":870,"y":2143}}},"selection":["link:305"],"view":{"scroll":{"x":805.52886962890625,"y":2555.535888671875},"zoom":1.24999988079071045}}