{"nodes":{"node:1":{"location":{"x":358,"y":174}},"node:2":{"location":{"x":358,"y":399}},"node:3":{"location":{"x":104,"y":607}}},"selection":null,"view":{"scroll":{"x":-185.5,"y":-38.390716552734375},"zoom":0.749999940395355225}}