{"nodes":{"node:1":{"location":{"x":103,"y":-269}}},"selection":null,"view":{"scroll":{"x":-599.028564453125,"y":-274.630645751953125},"zoom":0.330000013113021851}}