{"nodes":{"node:1":{"location":{"x":70,"y":-97}}},"selection":null,"view":{"scroll":{"x":-683.0472412109375,"y":-381.81878662109375},"zoom":1}}