{"nodes":{"node:1":{"location":{"x":278,"y":46}},"node:2":{"location":{"x":40,"y":351}},"node:3":{"location":{"x":-152,"y":159}},"node:4":{"location":{"x":486,"y":63}},"node:5":{"location":{"x":-152,"y":79}}},"selection":null,"view":{"scroll":{"x":-429.977294921875,"y":-99.418792724609375},"zoom":1.24999988079071045}}