{"nodes":{"node:1":{"location":{"x":233,"y":-42}}},"selection":null,"view":{"scroll":{"x":-202.63153076171875,"y":-210.35687255859375},"zoom":1}}