{"nodes":{"node:1":{"location":{"x":248,"y":-49}},"node:2":{"location":{"x":0,"y":0}},"node:3":{"location":{"x":0,"y":0}}},"selection":null,"view":{"scroll":{"x":-209.4970703125,"y":-248.30621337890625},"zoom":1.24999988079071045}}