{"nodes":{"node:1":{"location":{"x":-312,"y":-209}}},"selection":null,"view":{"scroll":{"x":-666.39703369140625,"y":-390.5977783203125},"zoom":1}}