{"nodes":{"node:1":{"location":{"x":136,"y":222}},"node:2":{"location":{"x":358,"y":399}},"node:3":{"location":{"x":-24,"y":575}}},"selection":null,"view":{"scroll":{"x":-226.5,"y":-3.390777587890625},"zoom":0.749999940395355225}}