{"nodes":null,"selection":null,"view":{"scroll":{"x":-534.35687255859375,"y":-198.6898193359375},"zoom":1}}