{"nodes":{"node:1":{"location":{"x":108,"y":106}}},"selection":null,"view":{"scroll":{"x":-429.977294921875,"y":-99.418792724609375},"zoom":1.24999988079071045}}