{"nodes":null,"selection":null,"view":{"scroll":{"x":-727.5643310546875,"y":-231.728713989257813},"zoom":0.75}}