{"nodes":{"node:1":{"location":{"x":452,"y":142}},"node:2":{"location":{"x":454,"y":367}},"node:3":{"location":{"x":24,"y":591}}},"selection":null,"view":{"scroll":{"x":-172.491714477539063,"y":-245.732406616210938},"zoom":0.749999940395355225}}