{"nodes":null,"selection":null,"view":{"scroll":{"x":-796.7093505859375,"y":-606.056396484375},"zoom":0.75}}