{"nodes":null,"selection":null,"view":{"scroll":{"x":-523.938232421875,"y":-363.686798095703125},"zoom":0.749999940395355225}}