{"nodes":{"node:1":{"location":{"x":103,"y":-269}}},"selection":null,"view":{"scroll":{"x":-644.25897216796875,"y":-366.277099609375},"zoom":1}}