{"nodes":{"node:1":{"location":{"x":0,"y":0}},"node:2":{"location":{"x":0,"y":0}},"node:3":{"location":{"x":0,"y":0}}},"selection":null,"view":{"scroll":{"x":-519.07470703125,"y":-340.2144775390625},"zoom":1.24999988079071045}}