{"nodes":null,"selection":null,"view":{"scroll":{"x":-945.1746826171875,"y":-214.200439453125},"zoom":1.25}}