{"nodes":{"node:1":{"location":{"x":-201,"y":-561}}},"selection":["node:1"],"view":{"scroll":{"x":-603.2943115234375,"y":-965.66265869140625},"zoom":1.24999988079071045}}
