{"nodes":null,"selection":null,"view":{"scroll":{"x":-401.48876953125,"y":-260.390106201171875},"zoom":1.25}}