{"nodes":{"node:1":{"location":{"x":-199,"y":71}},"node:2":{"location":{"x":216,"y":111}}},"selection":["link:301"],"view":{"scroll":{"x":-522.01971435546875,"y":-214.581314086914063},"zoom":1}}