{"nodes":null,"selection":null,"view":{"scroll":{"x":-287.7796630859375,"y":-196.57421875},"zoom":1}}