{"nodes":{"node:1":{"location":{"x":456,"y":-129}}},"selection":null,"view":{"scroll":{"x":-108.0103759765625,"y":-474.13995361328125},"zoom":1}}