{"nodes":null,"selection":null,"view":{"scroll":{"x":-545.55694580078125,"y":-197.068511962890625},"zoom":0.5}}