{"nodes":{"node:1":{"location":{"x":72,"y":14}},"node:2":{"location":{"x":340,"y":97}}},"selection":null,"view":{"scroll":{"x":-323.40020751953125,"y":-181.86590576171875},"zoom":1}}