{"nodes":{"node:1":{"location":{"x":24,"y":-65}}},"selection":null,"view":{"scroll":{"x":-659.91680908203125,"y":-267.40399169921875},"zoom":1}}