{"nodes":{"node:1":{"location":{"x":134,"y":-65}}},"selection":null,"view":{"scroll":{"x":-202.63153076171875,"y":-210.35687255859375},"zoom":1}}