{"nodes":{"node:1":{"location":{"x":-121,"y":-529}},"node:2":{"location":{"x":-8,"y":-736}},"node:3":{"location":{"x":278,"y":-896}},"node:4":{"location":{"x":132,"y":-508}}},"selection":null,"view":{"scroll":{"x":-746.882080078125,"y":-1004.497802734375},"zoom":1.24999988079071045}}
