{"nodes":null,"selection":null,"view":{"scroll":{"x":-737.8251953125,"y":-469.421630859375},"zoom":0.749999940395355225}}