{"nodes":null,"selection":null,"view":{"scroll":{"x":-725.43682861328125,"y":57.8931884765625},"zoom":1}}