{"nodes":null,"selection":null,"view":{"scroll":{"x":-360.999969482421875,"y":-213.000015258789063},"zoom":0.749999940395355225}}
