{"nodes":null,"selection":null,"view":{"scroll":{"x":252.381805419921875,"y":58.0727386474609375},"zoom":1.25}}