{"nodes":null,"selection":null,"view":{"scroll":{"x":-522.1334228515625,"y":-330.95709228515625},"zoom":1}}